{
  "resources": {
    "head": [
      {
        "type": "script",
        "src": "./offline.min.js"
      },
      {
        "type": "style",
        "src": "./themes/offline-language-{{ options.language }}.css",
        "if": "!options.indicator"
      },
      {
        "type": "style",
        "src": "./themes/offline-language-{{ options.language }}-indicator.css",
        "if": "options.indicator"
      },
      {
        "type": "style",
        "src": "./themes/offline-theme-{{ options.theme }}.css",
        "if": "!options.indicator"
      },
      {
        "type": "style",
        "src": "./themes/offline-theme-{{ options.theme }}-indicator.css",
        "if": "options.indicator"
      }
    ]
  },
  "options": {
    "properties": {
      "indicator": {
        "title": "Always on",
        "description": "When checked, a connectivity indicator will always be present on the bottom-left corner of the page. When unchecked, Offline will only show a message when there are connectivity issues.",
        "type": "boolean",
        "default": false
      },
      "language": {
        "title": "Language",
        "description": "The language of the message displayed to the user when connectivity is lost or regained.",
        "type": "string",
        "enum": [
          "dutch",
          "english",
          "french",
          "german",
          "portuguese-brazil",
          "spanish"
        ],
        "enumNames": {
          "dutch": "Dutch",
          "english": "English",
          "french": "French",
          "german": "German",
          "portuguese-brazil": "Brazilian Portuguese",
          "spanish": "Spanish"
        },
        "default": "english"
      },
      "theme": {
        "title": "Theme",
        "description": "Describes the look and feel of the message.",
        "type": "string",
        "enum": [
          "default",
          "dark",
          "chrome",
          "slide"
        ],
        "enumNames": {
          "default": "Default",
          "dark": "Dark",
          "chrome": "Chrome",
          "slide": "Slide"
        },
        "default": "default"
      }
    }
  }
}
