"id";"jenis_aktiva";"quantity";"harga";"total";"tanggal_beli";"maks";"penyusutan";"pemakaian";"status";"id_cat";"created_at";"updated_at"
"1";"BANG. M. WANGI";"1";"1937712450";"1937712450";"2008-06-01 00:00:00";"20";"8073801.88";"114";"D";"1";"2018-03-14 02:53:02";"2018-03-14 02:53:02"
"2";"PERIJINAN BANG. M.WANGI";"1";"130600000";"130600000";"2007-12-01 00:00:00";"20";"544166.67";"120";"D";"1";"2018-03-14 02:53:02";"2018-03-14 02:53:02"
"3";"BANG.M.WANGI";"1";"449943950";"449943950";"2008-07-28 00:00:00";"20";"1874766.46";"112";"D";"1";"2018-03-14 02:53:02";"2018-03-14 02:53:02"
"4";"BANG. M.WANGI";"1";"291199000";"291199000";"2008-08-30 00:00:00";"20";"1213329.17";"111";"D";"1";"2018-03-14 02:53:02";"2018-03-14 02:53:02"
"5";"BANG. M.WANGI";"1";"39500000";"39500000";"2008-08-30 00:00:00";"20";"164583.33";"111";"D";"1";"2018-03-14 02:53:02";"2018-03-14 02:53:02"
"6";"BANG. M. WANGI";"1";"126486000";"126486000";"2008-09-26 00:00:00";"20";"527025.00";"110";"D";"1";"2018-03-14 02:53:02";"2018-03-14 02:53:02"
"7";"BANG. M. WANGI";"1";"47000000";"47000000";"2008-09-27 00:00:00";"20";"195833.33";"110";"D";"1";"2018-03-14 02:53:02";"2018-03-14 02:53:02"
"8";"BANG. M.WANGI";"1";"279928400";"279928400";"2008-10-31 00:00:00";"20";"1166368.33";"109";"D";"1";"2018-03-14 02:53:02";"2018-03-14 02:53:02"
"9";"BANG. M.WANGI";"1";"33000000";"33000000";"2008-10-29 00:00:00";"20";"137500.00";"109";"D";"1";"2018-03-14 02:53:02";"2018-03-14 02:53:02"
"10";"BANG. M.WANGI";"1";"228024150";"228024150";"2008-11-29 00:00:00";"20";"950100.63";"108";"D";"1";"2018-03-14 02:53:02";"2018-03-14 02:53:02"
"11";"BANG. M.WANGI";"1";"45500000";"45500000";"2008-11-26 00:00:00";"20";"189583.33";"108";"D";"1";"2018-03-14 02:53:02";"2018-03-14 02:53:02"
"12";"BANG. M.WANGI";"1";"325344200";"325344200";"2008-12-30 00:00:00";"20";"1355600.83";"107";"D";"1";"2018-03-14 02:53:02";"2018-03-14 02:53:02"
"13";"BANG.M.WANGI";"1";"32500000";"32500000";"2008-12-30 00:00:00";"20";"135416.67";"107";"D";"1";"2018-03-14 02:53:02";"2018-03-14 02:53:02"
"14";"BANG.M.WANGI";"1";"248211450";"248211450";"2009-01-30 00:00:00";"20";"1034214.38";"106";"D";"1";"2018-03-14 02:53:02";"2018-03-14 02:53:02"
"15";"BANG.M.WANGI";"1";"25000000";"25000000";"2009-01-30 00:00:00";"1";"0.00";"12";"FD";"1";"2018-03-14 02:53:02";"2018-03-14 02:53:02"
"16";"BANG.M.WANGI";"1";"19000000";"19000000";"2009-02-11 00:00:00";"20";"79166.67";"106";"D";"1";"2018-03-14 02:53:02";"2018-03-14 02:53:02"
"17";"BANG.M.WANGI";"1";"145927350";"145927350";"2009-02-28 00:00:00";"20";"608030.63";"105";"D";"1";"2018-03-14 02:53:02";"2018-03-14 02:53:02"
"18";"BANG. M.WANGI (SMP)";"1";"23924200";"23924200";"2009-03-28 00:00:00";"20";"99684.17";"104";"D";"1";"2018-03-14 02:53:02";"2018-03-14 02:53:02"
"19";"BANG. M.WANGI(SMP)";"1";"6900000";"6900000";"2009-03-27 00:00:00";"1";"0.00";"12";"FD";"1";"2018-03-14 02:53:02";"2018-03-14 02:53:02"
"20";"BANG.M.WANGI(SMP)";"1";"65890500";"65890500";"2009-04-29 00:00:00";"20";"274543.75";"103";"D";"1";"2018-03-14 02:53:02";"2018-03-14 02:53:02"
"21";"BANG.M.WANGI(SMP)";"1";"17050000";"17050000";"2009-04-24 00:00:00";"20";"71041.67";"103";"D";"1";"2018-03-14 02:53:02";"2018-03-14 02:53:02"
"22";"BANG.M.WANGI(SMP)";"1";"24492000";"24492000";"2009-05-29 00:00:00";"20";"102050.00";"102";"D";"1";"2018-03-14 02:53:02";"2018-03-14 02:53:02"
"23";"BANG.M.WANGI(SMP)";"1";"24700000";"24700000";"2009-05-30 00:00:00";"20";"102916.67";"102";"D";"1";"2018-03-14 02:53:02";"2018-03-14 02:53:02"
"24";"BANG.M.WANGI (smp)";"1";"101021700";"101021700";"2009-06-26 00:00:00";"20";"420923.75";"101";"D";"1";"2018-03-14 02:53:02";"2018-03-14 02:53:02"
"25";"BANG.M.WANGI (SMP)";"1";"22000000";"22000000";"2009-06-26 00:00:00";"20";"91666.67";"101";"D";"1";"2018-03-14 02:53:02";"2018-03-14 02:53:02"
"26";"BANG.M.WANGI(SMP)";"1";"150537000";"150537000";"2009-07-30 00:00:00";"20";"627237.50";"100";"D";"1";"2018-03-14 02:53:02";"2018-03-14 02:53:02"
"27";"BANG.M.WANGI(SMP)";"1";"27600000";"27600000";"2009-07-30 00:00:00";"20";"115000.00";"100";"D";"1";"2018-03-14 02:53:02";"2018-03-14 02:53:02"
"28";"BANGUNAN M.WANGI";"1";"159567000";"159567000";"2009-08-30 00:00:00";"20";"664862.50";"99";"D";"1";"2018-03-14 02:53:02";"2018-03-14 02:53:02"
"29";"ONGKOS BANGUNAN BP.WAHYU (MW)";"1";"20000000";"20000000";"2009-08-28 00:00:00";"20";"83333.33";"99";"D";"1";"2018-03-14 02:53:02";"2018-03-14 02:53:02"
"30";"BANGUNAN  MEKAR WANGI";"1";"84976600";"84976600";"2009-09-30 00:00:00";"15";"472092.22";"98";"D";"1";"2018-03-14 02:53:02";"2018-03-14 02:53:02"
"31";"ONGKOS TUK.BANGUNAN  MEKAR WANGI (WAHYU)";"1";"16000000";"16000000";"2009-09-30 00:00:00";"15";"88888.89";"98";"D";"1";"2018-03-14 02:53:02";"2018-03-14 02:53:02"
"32";"BANGUNAN MEKAR WANGI";"1";"79892500";"79892500";"2009-10-30 00:00:00";"15";"443847.22";"97";"D";"1";"2018-03-14 02:53:02";"2018-03-14 02:53:02"
"33";"ONGKOS TUKANG BANGUNAN MEKAR WANGI";"1";"27000000";"27000000";"2009-10-30 00:00:00";"15";"150000.00";"97";"D";"1";"2018-03-14 02:53:02";"2018-03-14 02:53:02"
"34";"BANGUNAN MEKAR WANGI";"1";"127485000";"127485000";"2009-11-30 00:00:00";"15";"708250.00";"96";"D";"1";"2018-03-14 02:53:02";"2018-03-14 02:53:02"
"35";"ONGKOS TUKANG BANGUNAN MW (BP.WAHYU)";"1";"22500000";"22500000";"2009-11-30 00:00:00";"15";"125000.00";"96";"D";"1";"2018-03-14 02:53:02";"2018-03-14 02:53:02"
"36";"BANG. MW (SMP)";"1";"99354500";"99354500";"2009-12-30 00:00:00";"15";"551969.44";"95";"D";"1";"2018-03-14 02:53:02";"2018-03-14 02:53:02"
"37";"ONGKOS TK.BANG.MW (SMP)";"1";"28700000";"28700000";"2009-12-30 00:00:00";"15";"159444.44";"95";"D";"1";"2018-03-14 02:53:02";"2018-03-14 02:53:02"
"38";"BANG.MW (SMP)";"1";"61784000";"61784000";"2010-01-30 00:00:00";"15";"343244.44";"94";"D";"1";"2018-03-14 02:53:02";"2018-03-14 02:53:02"
"39";"ONGKOS TUKANG BANG. MW (SMP)";"1";"26000000";"26000000";"2010-01-30 00:00:00";"15";"144444.44";"94";"D";"1";"2018-03-14 02:53:02";"2018-03-14 02:53:02"
"40";"ONGKOS TUKANG ( WAHYU )";"1";"21000000";"21000000";"2010-02-28 00:00:00";"15";"116666.67";"93";"D";"1";"2018-03-14 02:53:02";"2018-03-14 02:53:02"
"41";"BANGUNAN MEKAR WANGI";"1";"158208000";"158208000";"2010-02-28 00:00:00";"15";"878933.33";"93";"D";"1";"2018-03-14 02:53:02";"2018-03-14 02:53:02"
"42";"BANG. MW (SMP)";"1";"115401600";"115401600";"2010-03-30 00:00:00";"15";"641120.00";"92";"D";"1";"2018-03-14 02:53:02";"2018-03-14 02:53:02"
"43";"ONGKOS TKG BANG.MW (SMP)";"1";"35000000";"35000000";"2010-03-30 00:00:00";"15";"194444.44";"92";"D";"1";"2018-03-14 02:53:02";"2018-03-14 02:53:02"
"44";"BHN BANG.MW (SMP)";"1";"252221800";"252221800";"2010-04-30 00:00:00";"15";"1401232.22";"91";"D";"1";"2018-03-14 02:53:02";"2018-03-14 02:53:02"
"45";"ONGKOS BANG. MW (SMP)";"1";"19500000";"19500000";"2010-04-30 00:00:00";"15";"108333.33";"91";"D";"1";"2018-03-14 02:53:02";"2018-03-14 02:53:02"
"46";"BAHAN BANGUNAN MW( SMP)";"1";"66467300";"66467300";"2010-05-30 00:00:00";"15";"369262.78";"90";"D";"1";"2018-03-14 02:53:02";"2018-03-14 02:53:02"
"47";"TUKANG BANG. MW ( SMP )";"1";"36000000";"36000000";"2010-05-30 00:00:00";"15";"200000.00";"90";"D";"1";"2018-03-14 02:53:02";"2018-03-14 02:53:02"
"48";"BHN. BANG. MW TAHAP 3";"1";"58694500";"58694500";"2010-06-30 00:00:00";"15";"326080.56";"89";"D";"1";"2018-03-14 02:53:02";"2018-03-14 02:53:02"
"49";"ONGKOS TUKANG BANG";"1";"26000000";"26000000";"2010-06-30 00:00:00";"15";"144444.44";"89";"D";"1";"2018-03-14 02:53:02";"2018-03-14 02:53:02"
"50";"BANG. MW TAHAP3";"1";"87653343";"87653343";"2010-07-30 00:00:00";"15";"486963.02";"88";"D";"1";"2018-03-14 02:53:02";"2018-03-14 02:53:02"
"51";"ONGKOS TUKANG BANG TAHAP 3";"1";"27500000";"27500000";"2010-07-30 00:00:00";"15";"152777.78";"88";"D";"1";"2018-03-14 02:53:02";"2018-03-14 02:53:02"
"52";"BAHAN2 BANG MW";"1";"244964500";"244964500";"2010-08-30 00:00:00";"15";"1360913.89";"86";"D";"1";"2018-03-14 02:53:02";"2018-03-14 02:53:02"
"53";"ONGKOS TKG BANG (WAHYU)";"1";"15000000";"15000000";"2010-08-30 00:00:00";"15";"83333.33";"86";"D";"1";"2018-03-14 02:53:02";"2018-03-14 02:53:02"
"54";"ONGKOS BHN BANG MW (WAHYU)";"1";"20500000";"20500000";"2010-08-30 00:00:00";"15";"113888.89";"86";"D";"1";"2018-03-14 02:53:02";"2018-03-14 02:53:02"
"55";"BAHAN2 BANG MW THP 3";"1";"124487000";"124487000";"2010-09-30 00:00:00";"15";"691594.44";"86";"D";"1";"2018-03-14 02:53:02";"2018-03-14 02:53:02"
"56";"ONGKOS TUKANG BANG.(WAHYU)";"1";"16500000";"16500000";"2010-09-30 00:00:00";"15";"91666.67";"86";"D";"1";"2018-03-14 02:53:02";"2018-03-14 02:53:02"
"57";"BAHAN2 BANG.MW THP 3";"1";"38679500";"38679500";"2010-10-30 00:00:00";"15";"214886.11";"85";"D";"1";"2018-03-14 02:53:02";"2018-03-14 02:53:02"
"58";"ONGKOS BANG MW (WAHYU)";"1";"25500000";"25500000";"2010-10-30 00:00:00";"15";"141666.67";"85";"D";"1";"2018-03-14 02:53:02";"2018-03-14 02:53:02"
"59";"BAHAN2 BANG.MW THP 3";"1";"191992000";"191992000";"2010-11-30 00:00:00";"15";"1066622.22";"84";"D";"1";"2018-03-14 02:53:02";"2018-03-14 02:53:02"
"60";"ONGKOS2 TKG BANG. MW";"1";"21500000";"21500000";"2010-11-30 00:00:00";"15";"119444.44";"84";"D";"1";"2018-03-14 02:53:02";"2018-03-14 02:53:02"
"61";"DP I BANG/RENOV.SAMSUDIN-CTL(SUHANDY)";"1";"50000000";"50000000";"2010-12-30 00:00:00";"15";"277777.78";"83";"D";"1";"2018-03-14 02:53:02";"2018-03-14 02:53:02"
"62";"BAHAN2 BANG. MW";"1";"103866000";"103866000";"2010-12-30 00:00:00";"15";"577033.33";"83";"D";"1";"2018-03-14 02:53:02";"2018-03-14 02:53:02"
"63";"ONGKOS TUKANG BANG. MW";"1";"25500000";"25500000";"2010-12-30 00:00:00";"15";"141666.67";"83";"D";"1";"2018-03-14 02:53:02";"2018-03-14 02:53:02"
"64";"BANG. SD CIATEUL (BANG.LAMA)";"1";"2700000000";"2700000000";"2011-01-30 00:00:00";"0";"0.00";"0";"FD";"1";"2018-03-14 02:53:02";"2018-03-14 02:53:02"
"65";"BANG. TK KOPER (BANG.LAMA)";"1";"850000000";"850000000";"2011-01-30 00:00:00";"0";"0.00";"0";"FD";"1";"2018-03-14 02:53:02";"2018-03-14 02:53:02"
"66";"BANG. SD & SMP KOPER (BANG.LAMA)";"1";"4000000000";"4000000000";"2011-01-30 00:00:00";"0";"0.00";"0";"FD";"1";"2018-03-14 02:53:02";"2018-03-14 02:53:02"
"67";"BANG. TKI (BANG.LAMA)";"1";"600000000";"600000000";"2011-01-30 00:00:00";"0";"0.00";"0";"FD";"1";"2018-03-14 02:53:02";"2018-03-14 02:53:02"
"68";"DP I. BANG/RENOV.CIATEUL (SUHANDY)";"1";"100000000";"100000000";"2011-01-30 00:00:00";"15";"555555.56";"82";"D";"1";"2018-03-14 02:53:02";"2018-03-14 02:53:02"
"69";"BAHAN2 BANG.MW THP 3";"1";"86337500";"86337500";"2011-01-30 00:00:00";"15";"479652.78";"82";"D";"1";"2018-03-14 02:53:02";"2018-03-14 02:53:02"
"70";"ONGKOS TUKANG BANG.MW";"1";"22000000";"22000000";"2011-01-30 00:00:00";"15";"122222.22";"82";"D";"1";"2018-03-14 02:53:02";"2018-03-14 02:53:02"
"71";"PENAMB. BANG.THP 1 MW (WASTAFEL)";"1";"423500";"423500";"2011-01-30 00:00:00";"1";"0.00";"12";"FD";"1";"2018-03-14 02:53:02";"2018-03-14 02:53:02"
"72";"DP II BANG/RENOV.SAMSUDIN-CTL(SUHANDY)";"1";"50000000";"50000000";"2011-02-28 00:00:00";"15";"277777.78";"81";"D";"1";"2018-03-14 02:53:02";"2018-03-14 02:53:02"
"73";"BAHAN2 BANG.MW THP 3";"1";"66709500";"66709500";"2011-02-28 00:00:00";"15";"370608.33";"81";"D";"1";"2018-03-14 02:53:02";"2018-03-14 02:53:02"
"74";"ONGKOS TUKANG BANG.MW";"1";"22000000";"22000000";"2011-02-28 00:00:00";"15";"122222.22";"81";"D";"1";"2018-03-14 02:53:02";"2018-03-14 02:53:02"
"75";"BAHAN2 BANG.MW THP 3";"1";"93895000";"93895000";"2011-03-30 00:00:00";"15";"521638.89";"80";"D";"1";"2018-03-14 02:53:02";"2018-03-14 02:53:02"
"76";"ONGKOS TUKANG BANG.MW";"1";"19000000";"19000000";"2011-03-30 00:00:00";"15";"105555.56";"80";"D";"1";"2018-03-14 02:53:02";"2018-03-14 02:53:02"
"77";"PELUNASAN BANG/RENOV.SAMSUDIN-CTL(SUHANDY)";"1";"50000000";"50000000";"2011-04-30 00:00:00";"15";"277777.78";"79";"D";"1";"2018-03-14 02:53:02";"2018-03-14 02:53:02"
"78";"DP II BANG/RENOV.CIATEUL  (SUHANDY)";"1";"100000000";"100000000";"2011-04-30 00:00:00";"15";"555555.56";"79";"D";"1";"2018-03-14 02:53:02";"2018-03-14 02:53:02"
"79";"BAHAN2 BANG.MW THP 3";"1";"101780000";"101780000";"2011-04-30 00:00:00";"15";"565444.44";"79";"D";"1";"2018-03-14 02:53:02";"2018-03-14 02:53:02"
"80";"ONGKOS TUKANG BANG.MW";"1";"6700000";"6700000";"2011-04-30 00:00:00";"15";"37222.22";"79";"D";"1";"2018-03-14 02:53:02";"2018-03-14 02:53:02"
"81";"BAHAN2 BANG.MW THP 3";"1";"84160500";"84160500";"2011-05-30 00:00:00";"15";"467558.33";"78";"D";"1";"2018-03-14 02:53:02";"2018-03-14 02:53:02"
"82";"ONGKOS TUKANG BANG.MW";"1";"4000000";"4000000";"2011-05-30 00:00:00";"15";"22222.22";"78";"D";"1";"2018-03-14 02:53:02";"2018-03-14 02:53:02"
"83";"BAHAN2 BANG MW THP 3";"1";"99090000";"99090000";"2011-06-30 00:00:00";"15";"550500.00";"77";"D";"1";"2018-03-14 02:53:02";"2018-03-14 02:53:02"
"84";"ONGKOS TUKANG BANG.MW";"1";"10580000";"10580000";"2011-06-30 00:00:00";"15";"58777.78";"77";"D";"1";"2018-03-14 02:53:02";"2018-03-14 02:53:02"
"85";"PELUN. BANG/RENOV.CIATEUL (SUHANDY)";"1";"64000000";"64000000";"2011-06-30 00:00:00";"15";"355555.56";"77";"D";"1";"2018-03-14 02:53:02";"2018-03-14 02:53:02"
"86";"KOMPUTER";"1";"4162400";"4162400";"2008-10-08 00:00:00";"24";"14452.78";"110";"D";"2";"2018-03-14 02:53:02";"2018-03-14 02:53:02"
"87";"PELUNASAN MAINAN TK PASUNDAN";"1";"6000000";"6000000";"2012-04-30 00:00:00";"5";"100000.00";"60";"FD";"2";"2018-03-14 02:53:02";"2018-03-14 02:53:02"
"88";"DRUMBAND 1 SET";"1";"10553535";"10553535";"2015-09-30 00:00:00";"5";"175892.25";"27";"D";"2";"2018-03-14 02:53:02";"2018-03-14 02:53:02"
"89";"KEYBOARD PSRS770 SD CTL";"1";"12000000";"12000000";"2015-11-30 00:00:00";"2";"500000.00";"24";"FD";"2";"2018-03-14 02:53:02";"2018-03-14 02:53:02"
"90";"LAPTOP ASUS (TK CTL)";"1";"3380000";"3380000";"2016-02-29 00:00:00";"1";"281666.67";"12";"FD";"2";"2018-03-14 02:53:02";"2018-03-14 02:53:02"
"91";"SOUND SYSTEM TK/SD CTL";"1";"27700000";"27700000";"2016-02-29 00:00:00";"1";"2308333.33";"12";"FD";"2";"2018-03-14 02:53:02";"2018-03-14 02:53:02"
"92";"TV40""PANASONIC R.GURU SD CTL";"1";"3950000";"3950000";"2016-08-30 00:00:00";"1";"329166.67";"12";"FD";"2";"2018-03-14 02:53:02";"2018-03-14 02:53:02"
"93";"PRINTER EPSON L-310";"1";"1765000";"1765000";"2016-09-30 00:00:00";"1";"147083.33";"12";"FD";"2";"2018-03-14 02:53:02";"2018-03-14 02:53:02"
"94";"PRINTER EPSON L-310";"1";"1765000";"1765000";"2016-09-30 00:00:00";"1";"147083.33";"12";"FD";"2";"2018-03-14 02:53:02";"2018-03-14 02:53:02"
"95";"1 SET PERLENGK.DRUMBAND (8 BH SNAREDRUM,2 BH STIK MAYORET,2 BH BELLYRA)";"1";"8812800";"8812800";"2016-10-30 00:00:00";"1";"734400.00";"12";"FD";"2";"2018-03-14 02:53:02";"2018-03-14 02:53:02"
"96";" 2 HANDYCAM+MEMORY+TRIPOD U/ TK & SD CTL";"1";"5350000";"5350000";"2017-01-30 00:00:00";"1";"445833.33";"10";"D";"2";"2018-03-14 02:53:02";"2018-03-14 02:53:02"
"97";"PC INTEL LGA + MAINBOARD + HARDISK";"11";"3870000";"42570000";"2017-07-30 00:00:00";"1";"3547500.00";"4";"D";"2";"2018-03-14 02:53:02";"2018-03-14 02:53:02"
"98";"PRINTER EPSON L-310 SD CTL";"1";"1690000";"1690000";"2017-08-30 00:00:00";"1";"140833.33";"3";"D";"2";"2018-03-14 02:53:02";"2018-03-14 02:53:02"
"99";"PRINTER EPSON L-310 TK CTL";"1";"1690000";"1690000";"2017-08-30 00:00:00";"1";"140833.33";"3";"D";"2";"2018-03-14 02:53:02";"2018-03-14 02:53:02"
"100";"DP I MAINAN TK PASUNDAN (I.PRISKA)";"0";"9000000";"9000000";"2011-10-30 00:00:00";"5";"150000.00";"60";"FD";"2";"2018-03-14 02:53:02";"2018-03-14 02:53:02"
"101";"DP II MAINAN TK PASUNDAN (I.PRISKA)";"1";"15000000";"15000000";"2011-12-30 00:00:00";"5";"250000.00";"60";"FD";"2";"2018-03-14 02:53:02";"2018-03-14 02:53:02"
"102";"TV SHARP LED 24"" (CCTV SMP KOPER)";"2";"1750000";"3500000";"2014-12-30 00:00:00";"2";"145833.33";"24";"FD";"3";"2018-03-14 02:53:02";"2018-03-14 02:53:02"
"103";"PERSNL KOMPT @5.920.000";"6";"5920000";"35520000";"2015-06-30 00:00:00";"6";"493333.33";"29";"D";"3";"2018-03-14 02:53:02";"2018-03-14 02:53:02"
"104";"AC RUANG AUDIO SMP KOPER";"2";"4500000";"9000000";"2015-09-30 00:00:00";"2";"375000.00";"24";"FD";"3";"2018-03-14 02:53:02";"2018-03-14 02:53:02"
"105";"TV 32"" SAMSUNG (R.TUNGGU) SMP KOPER";"1";"2625000";"2625000";"2015-11-30 00:00:00";"1";"218750.00";"12";"FD";"3";"2018-03-14 02:53:02";"2018-03-14 02:53:02"
"106";"AC+ONGKOS+PIPA+BREKET (bang baru)";"16";"5362500";"85800000";"2015-12-30 00:00:00";"16";"446875.00";"23";"D";"3";"2018-03-14 02:53:02";"2018-03-14 02:53:02"
"107";"LAPTOP ASUS SMP KOPER";"1";"3380000";"3380000";"2016-02-29 00:00:00";"1";"281666.67";"12";"FD";"3";"2018-03-14 02:53:02";"2018-03-14 02:53:02"
"108";"KURSI TUNGGU DUMA 4 SEAT @1.25 JT";"2";"1250000";"2500000";"2016-03-30 00:00:00";"2";"104166.67";"20";"D";"3";"2018-03-14 02:53:02";"2018-03-14 02:53:02"
"109";"LOCKER SMP KOPER";"1";"35308500";"35308500";"2016-04-30 00:00:00";"1";"2942375.00";"12";"FD";"3";"2018-03-14 02:53:02";"2018-03-14 02:53:02"
"110";"INFOCUS ";"1";"4250000";"4250000";"2016-07-30 00:00:00";"1";"354166.67";"12";"FD";"3";"2018-03-14 02:53:02";"2018-03-14 02:53:02"
"111";"TV40""PANASONIC R.GURU SD+SMP KOPER";"2";"3950000";"7900000";"2016-08-30 00:00:00";"1";"658333.33";"12";"FD";"3";"2018-03-14 02:53:02";"2018-03-14 02:53:02"
"112";"AMPLIFIER TOA ZA-2240 SMP KOPER";"1";"3500000";"3500000";"2016-08-30 00:00:00";"1";"291666.67";"12";"FD";"3";"2018-03-14 02:53:02";"2018-03-14 02:53:02"
"113";"PRINTER EPSON L-310";"1";"1765000";"1765000";"2016-09-30 00:00:00";"1";"147083.33";"12";"FD";"3";"2018-03-14 02:53:02";"2018-03-14 02:53:02"
"114";"HANDYCAM+MEMORY+TRIPOD U/ TK & SD KOPER";"2";"2675000";"5350000";"2017-01-30 00:00:00";"1";"445833.33";"10";"D";"3";"2018-03-14 02:53:02";"2018-03-14 02:53:02"
"115";"KOMPUTER (U/ SERVER &CADANGAN UNBK) @7.770.000";"2";"7770000";"15540000";"2017-02-28 00:00:00";"5";"259000.00";"9";"D";"3";"2018-03-14 02:53:02";"2018-03-14 02:53:02"
"116";"AMPLIFIER 120W";"1";"2215000";"2215000";"2017-03-30 00:00:00";"1";"184583.33";"8";"D";"3";"2018-03-14 02:53:02";"2018-03-14 02:53:02"
"117";"PC INTEL + MAINBOARD + HARDISK";"13";"3870000";"50310000";"2017-07-30 00:00:00";"1";"4192500.00";"4";"D";"3";"2018-03-14 02:53:02";"2018-03-14 02:53:02"
"118";"Printer EPSON L310";"1";"1695000";"1695000";"2017-07-30 00:00:00";"1";"141250.00";"4";"D";"3";"2018-03-14 02:53:02";"2018-03-14 02:53:02"
"119";"PRINTER EPSON L-310 SD KOPER";"2";"1695000";"3390000";"2017-08-30 00:00:00";"1";"282500.00";"3";"D";"3";"2018-03-14 02:53:02";"2018-03-14 02:53:02"
"120";"PRINTER EPSON L-310 SMP KOPER";"1";"1695000";"1695000";"2017-08-30 00:00:00";"1";"141250.00";"3";"D";"3";"2018-03-14 02:53:02";"2018-03-14 02:53:02"
"121";"PROJECTOR CASIO SMP KOPER";"2";"6700000";"13400000";"2017-08-30 00:00:00";"1";"1116666.67";"3";"D";"3";"2018-03-14 02:53:02";"2018-03-14 02:53:02"
"122";"AMPLIFIER BHAMP TOA SMP KOPER";"1";"3000000";"3000000";"2017-08-30 00:00:00";"1";"250000.00";"3";"D";"3";"2018-03-14 02:53:02";"2018-03-14 02:53:02"
"123";"PRINTER EPSON L-310 TK KOPER";"1";"1695000";"1695000";"2017-08-30 00:00:00";"1";"141250.00";"3";"D";"3";"2018-03-14 02:53:02";"2018-03-14 02:53:02"
"124";"1 UNIT RAKITAN (R.AULA MULTIMEDIA) TK KOPER";"1";"5050000";"5050000";"2017-09-20 00:00:00";"1";"420833.33";"2";"D";"3";"2018-03-14 02:53:02";"2018-03-14 02:53:02"
"125";"6 AC DAIKIN @Rp.5.450.000 SMP KOPER";"6";"5450000";"32700000";"2017-11-02 00:00:00";"1";"0.00";"0";"D";"3";"2018-03-14 02:53:02";"2018-03-14 02:53:02"
"126";"MEJA & KURSI(BHN2+OKS) M.WANGI";"60";"327233";"19634000";"2012-04-30 00:00:00";"5";"327233.33";"60";"FD";"5";"2018-03-14 02:53:02";"2018-03-14 02:53:02"
"127";"PMBYRN I CCTV MEKAR (2 ROLL KABEL)";"0";"3000000";"3000000";"2012-07-30 00:00:00";"5";"50000.00";"60";"FD";"5";"2018-03-14 02:53:02";"2018-03-14 02:53:02"
"128";"PMBYRN II CCTV MEKAR";"0";"745000";"745000";"2012-08-30 00:00:00";"5";"12416.67";"60";"FD";"5";"2018-03-14 02:53:02";"2018-03-14 02:53:02"
"129";"PMBYRN III PEMASANGAN CCTV MEKAR";"0";"14469800";"14469800";"2012-09-30 00:00:00";"5";"241163.33";"60";"FD";"5";"2018-03-14 02:53:02";"2018-03-14 02:53:02"
"130";"PMBYRN IV CCTV MEKAR(BACKUP CCTV)";"1";"930000";"930000";"2012-10-30 00:00:00";"5";"15500.00";"60";"FD";"5";"2018-03-14 02:53:02";"2018-03-14 02:53:02"
"131";"PRINTER EPSON L-120 MW (TU ADM & PERPUST)";"2";"1500000";"3000000";"2015-11-30 00:00:00";"1";"250000.00";"12";"FD";"5";"2018-03-14 02:53:02";"2018-03-14 02:53:02"
"132";"TV 40"" PANASONIC (LAB BIO,FISIKA,KIMIA) MW";"3";"4100000";"12300000";"2015-11-30 00:00:00";"3";"341666.67";"24";"D";"5";"2018-03-14 02:53:02";"2018-03-14 02:53:02"
"133";"AC (DIRPEL & KEU @3.8JT + KOORD.KROOHANIAN 3.5JT)";"3";"3700000";"11100000";"2015-12-30 00:00:00";"1";"925000.00";"12";"FD";"5";"2018-03-14 02:53:02";"2018-03-14 02:53:02"
"134";"AC (R.ACCTG Rp.3,8JT) + PIPA+KABEL";"1";"4010000";"4010000";"2016-01-30 00:00:00";"1";"334166.67";"12";"FD";"5";"2018-03-14 02:53:02";"2018-03-14 02:53:02"
"135";"AC (R.FOCO Rp.3,8JT) + PIPA+KABEL";"1";"4010000";"4010000";"2016-01-30 00:00:00";"1";"334166.67";"12";"FD";"5";"2018-03-14 02:53:02";"2018-03-14 02:53:02"
"136";"LAPTOP ASUS SMA MW";"1";"3380000";"3380000";"2016-02-29 00:00:00";"1";"281666.67";"12";"FD";"5";"2018-03-14 02:53:02";"2018-03-14 02:53:02"
"137";" JETPUMP GRUNDFOS JD BASIC 5500 WATT";"1";"4715000";"4715000";"2016-03-30 00:00:00";"1";"392916.67";"12";"FD";"5";"2018-03-14 02:53:02";"2018-03-14 02:53:02"
"138";"2 BH KOMP KEU @5.484.000 & 1 CPU+KEYB 3.676.000";"3";"4881333";"14644000";"2016-07-30 00:00:00";"3";"406777.78";"16";"D";"5";"2018-03-14 02:53:02";"2018-03-14 02:53:02"
"139";"AC DAIKIN 2 PK+PERLENGKPN";"6";"5900000";"35400000";"2016-07-30 00:00:00";"6";"491666.67";"16";"D";"5";"2018-03-14 02:53:02";"2018-03-14 02:53:02"
"140";"BACTERI INCUBATOR (8.55JT)+RRC ELECTRIC (1.755JT)";"1";"10305000";"10305000";"2016-08-30 00:00:00";"1";"858750.00";"12";"FD";"5";"2018-03-14 02:53:02";"2018-03-14 02:53:02"
"141";"TV40""PANASONIC (AULA MW-@3.95JT)),PRINTER SMP MW";"2";"4650000";"9300000";"2016-08-30 00:00:00";"2";"387500.00";"15";"D";"5";"2018-03-14 02:53:02";"2018-03-14 02:53:02"
"142";"PRINTER EPSON L-310";"1";"1765000";"1765000";"2016-09-30 00:00:00";"1";"147083.33";"12";"FD";"5";"2018-03-14 02:53:02";"2018-03-14 02:53:02"
"143";"PRINTER EPSON L-310";"1";"1765000";"1765000";"2016-09-30 00:00:00";"1";"147083.33";"12";"FD";"5";"2018-03-14 02:53:02";"2018-03-14 02:53:02"
"144";"PA AMPLIFIER ZA 230W,KABEL RCA U/AUDIO MIC KELAS";"1";"1075000";"1075000";"2016-09-30 00:00:00";"1";"89583.33";"12";"FD";"5";"2018-03-14 02:53:02";"2018-03-14 02:53:02"
"145";"LEMARI ARSIP R.KEUANGAN";"1";"1682500";"1682500";"2016-10-30 00:00:00";"1";"140208.33";"12";"FD";"5";"2018-03-14 02:53:02";"2018-03-14 02:53:02"
"146";"HANDYCAM+MEMORY U/ SMP & SMA MW";"2";"2525000";"5050000";"2017-01-30 00:00:00";"2";"210416.67";"10";"D";"5";"2018-03-14 02:53:02";"2018-03-14 02:53:02"
"147";" 1 LAPTOP ASUS PRO P2420LA U/ STAFF KEROHANIAN";"1";"6300000";"6300000";"2017-01-30 00:00:00";"1";"525000.00";"10";"D";"5";"2018-03-14 02:53:02";"2018-03-14 02:53:02"
"148";"LEMARI R.KEROHANIAN";"1";"1875000";"1875000";"2017-02-28 00:00:00";"1";"156250.00";"9";"D";"5";"2018-03-14 02:53:02";"2018-03-14 02:53:02"
"149";"KOMPUTER (U/ SERVER &CADANGAN UNBK) @7.770.000";"2";"7770000";"15540000";"2017-02-28 00:00:00";"2";"647500.00";"9";"D";"5";"2018-03-14 02:53:02";"2018-03-14 02:53:02"
"150";"MIXER MACKIE PRO";"1";"6600000";"6600000";"2017-02-28 00:00:00";"1";"550000.00";"9";"D";"5";"2018-03-14 02:53:02";"2018-03-14 02:53:02"
"151";"MESIN LAS INVERTER LAKONI FALCON 141 GE";"1";"1299600";"1299600";"2017-03-30 00:00:00";"1";"108300.00";"8";"D";"5";"2018-03-14 02:53:02";"2018-03-14 02:53:02"
"152";"AC Daikin 50 MV u/ R. Guru SMA";"1";"5550000";"5550000";"2017-07-30 00:00:00";"1";"462500.00";"4";"D";"5";"2018-03-14 02:53:02";"2018-03-14 02:53:02"
"153";"AC Daikin 50 MV u/ R. Aula";"2";"5550000";"11100000";"2017-07-30 00:00:00";"2";"462500.00";"4";"D";"5";"2018-03-14 02:53:02";"2018-03-14 02:53:02"
"154";"Printer EPSON L310 u/ Litbang & HRD";"2";"1695000";"3390000";"2017-07-30 00:00:00";"2";"141250.00";"4";"D";"5";"2018-03-14 02:53:02";"2018-03-14 02:53:02"
"155";"PRINTER EPSON L-310 UTK SMA";"1";"1695000";"1695000";"2017-08-30 00:00:00";"1";"141250.00";"3";"D";"5";"2018-03-14 02:53:02";"2018-03-14 02:53:02"
"156";"PROJECT CASIO UTK SMA";"1";"6700000";"6700000";"2017-08-30 00:00:00";"1";"558333.33";"3";"D";"5";"2018-03-14 02:53:02";"2018-03-14 02:53:02"
"157";"PRINTER EPSON L-310 SMP MW";"1";"1695000";"1695000";"2017-08-30 00:00:00";"1";"141250.00";"3";"D";"5";"2018-03-14 02:53:02";"2018-03-14 02:53:02"
"158";"PROJECTOR CASIO 2BH R.ROHANI,1BH R.RAPAT";"3";"6700000";"20100000";"2017-08-30 00:00:00";"3";"558333.33";"3";"D";"5";"2018-03-14 02:53:02";"2018-03-14 02:53:02"
"159";"AC DAIKIN+PSG (KLS SMA EX R.MUSIK)";"1";"6412000";"6412000";"2017-09-06 00:00:00";"1";"534333.33";"2";"D";"5";"2018-03-14 02:53:02";"2018-03-14 02:53:02"
"160";"1 UNIT PROCESSOR (BAG.SEKRETARIAT YKKI)";"1";"1400000";"1400000";"2017-09-20 00:00:00";"1";"116666.67";"2";"D";"5";"2018-03-14 02:53:02";"2018-03-14 02:53:02"
"161";"1 UNIT RAKITAN (BAG.IT YKKI)";"1";"6300000";"6300000";"2017-09-20 00:00:00";"1";"525000.00";"2";"D";"5";"2018-03-14 02:53:02";"2018-03-14 02:53:02"
"162";"SOUND SYSTEM TK/SD TKI";"1";"3700000";"3700000";"2016-02-29 00:00:00";"1";"308333.33";"12";"FD";"4";"2018-03-14 02:53:02";"2018-03-14 02:53:02"
"163";" JETPUMP GRUNDFOS JD BASIC 5500 WATT";"1";"4715000";"4715000";"2016-03-30 00:00:00";"1";"392916.67";"12";"FD";"4";"2018-03-14 02:53:02";"2018-03-14 02:53:02"
"164";"KURSI TUNGGU DUMA UTK TK&SD TKI @2BH";"4";"1250000";"5000000";"2016-04-30 00:00:00";"4";"104166.67";"19";"D";"4";"2018-03-14 02:53:02";"2018-03-14 02:53:02"
"165";"1 SET SPEAKER+MIC WIRELESS SUX 14E/DGA 31";"1";"4000000";"4000000";"2016-06-30 00:00:00";"1";"333333.33";"12";"FD";"4";"2018-03-14 02:53:02";"2018-03-14 02:53:02"
"166";"AC DAIKIN 1,5 PK@4,5JT, AC DAIKIN 2 PK 5,9JT+PERLNGKPN";"1";"5380556";"5380556";"2016-07-30 00:00:00";"1";"448379.63";"12";"FD";"4";"2018-03-14 02:53:02";"2018-03-14 02:53:02"
"167";"AC DAIKIN 1,5 PK@4,5JT, AC DAIKIN 2 PK 5,9JT+PERLNGKPN";"2";"4759722";"9519444";"2016-07-30 00:00:00";"1";"793287.04";"3";"D";"4";"2018-03-14 02:53:02";"2018-03-14 02:53:02"
"168";"INFOCUS @4,250,000 + 6 BRACKET @170,000";"1";"4762024";"4762024";"2016-07-30 00:00:00";"1";"396835.32";"12";"FD";"4";"2018-03-14 02:53:02";"2018-03-14 02:53:02"
"169";"INFOCUS @4,250,000 + 6 BRACKET @170,000";"6";"4334663";"26007976";"2016-07-30 00:00:00";"1";"2167331.35";"3";"D";"4";"2018-03-14 02:53:02";"2018-03-14 02:53:02"
"170";"MAINAN PER KUDA LAUT";"1";"2500000";"2500000";"2016-07-30 00:00:00";"1";"208333.33";"12";"FD";"4";"2018-03-14 02:53:02";"2018-03-14 02:53:02"
"171";"MAINAN INDOOR MOTOR MINI & MINIATUR BUNGA @2,500,000";"1";"5000000";"5000000";"2016-09-30 00:00:00";"1";"416666.67";"12";"FD";"4";"2018-03-14 02:53:02";"2018-03-14 02:53:02"
"172";"PRINTER EPSON L-310";"1";"1765000";"1765000";"2016-09-30 00:00:00";"1";"147083.33";"12";"FD";"4";"2018-03-14 02:53:02";"2018-03-14 02:53:02"
"173";"MAINAN INDOOR TREADMILL";"1";"1000000";"1000000";"2016-09-30 00:00:00";"1";"83333.33";"12";"FD";"4";"2018-03-14 02:53:02";"2018-03-14 02:53:02"
"174";"CENTRAL PABX PANASONIC TES-824 KAP 6 LINE-16 EXTENSION";"1";"5385000";"5385000";"2016-10-30 00:00:00";"1";"448750.00";"12";"FD";"4";"2018-03-14 02:53:02";"2018-03-14 02:53:02"
"175";"PLAYGROUND ";"1";"47000000";"47000000";"2016-11-30 00:00:00";"5";"783333.33";"12";"D";"4";"2018-03-14 02:53:02";"2018-03-14 02:53:02"
"176";"HANDYCAM+MEMORY+TRIPOD U/ TK & SD TKI";"2";"2675000";"5350000";"2017-01-30 00:00:00";"1";"445833.33";"10";"D";"4";"2018-03-14 02:53:02";"2018-03-14 02:53:02"
"177";"AMPLIFIER TOA 120 WATT";"1";"2130000";"2130000";"2017-02-28 00:00:00";"1";"177500.00";"9";"D";"4";"2018-03-14 02:53:02";"2018-03-14 02:53:02"
"178";"AC Daikin 50 MV";"1";"5550000";"5550000";"2017-07-30 00:00:00";"1";"462500.00";"4";"D";"4";"2018-03-14 02:53:02";"2018-03-14 02:53:02"
"179";"PRINTER EPSON L-310 SD TKI";"1";"1695000";"1695000";"2017-08-30 00:00:00";"1";"141250.00";"3";"D";"4";"2018-03-14 02:53:02";"2018-03-14 02:53:02"
"180";"PRINTER EPSON L-310 TK TKI";"1";"1695000";"1695000";"2017-08-30 00:00:00";"1";"141250.00";"3";"D";"4";"2018-03-14 02:53:02";"2018-03-14 02:53:02"
"181";"DAIHATSU G.MAX 1.3STD SILVER(MINIBUS)";"1";"108500000";"108500000";"2012-05-30 00:00:00";"5";"1808333.33";"60";"FD";"6";"2018-03-14 02:53:02";"2018-03-14 02:53:02"
"182";"BAYAR I MOBIL Mitsubishi L300";"0";"83250000";"83250000";"2012-10-30 00:00:00";"5";"1387500.00";"60";"FD";"6";"2018-03-14 02:53:02";"2018-03-14 02:53:02"
"183";"ANGSURAN 2 MOBIL Mitsubishi L300";"0";"9000000";"9000000";"2012-11-30 00:00:00";"5";"150000.00";"60";"FD";"6";"2018-03-14 02:53:02";"2018-03-14 02:53:02"
"184";"ANGSURAN 3 MOBIL Mitsubishi L300";"0";"9000000";"9000000";"2012-12-30 00:00:00";"5";"150000.00";"59";"D";"6";"2018-03-14 02:53:02";"2018-03-14 02:53:02"
"185";"ANGSURAN 4 MOBIL Mitsubishi L300";"0";"9000000";"9000000";"2013-01-30 00:00:00";"5";"150000.00";"58";"D";"6";"2018-03-14 02:53:02";"2018-03-14 02:53:02"
"186";"ANGSURAN 5 MOBIL Mitsubishi L300";"0";"9000000";"9000000";"2013-02-28 00:00:00";"5";"150000.00";"57";"D";"6";"2018-03-14 02:53:02";"2018-03-14 02:53:02"
"187";"PEMBAYARAN I MOBIL SUZUKI APV PICKUP";"1";"50000000";"50000000";"2013-02-28 00:00:00";"5";"833333.33";"57";"D";"6";"2018-03-14 02:53:02";"2018-03-14 02:53:02"
"188";"PEMBAYARAN 2 MOBIL SUZUKI APV PICKUP";"0";"52000000";"52000000";"2013-03-30 00:00:00";"5";"866666.67";"57";"D";"6";"2018-03-14 02:53:02";"2018-03-14 02:53:02"
"189";"ANGSURAN 6 MOBIL Mitsubishi L300";"0";"9000000";"9000000";"2013-03-30 00:00:00";"5";"150000.00";"57";"D";"6";"2018-03-14 02:53:02";"2018-03-14 02:53:02"
"190";"ANGSURAN 7 MOBIL Mitsubishi L300";"0";"9000000";"9000000";"2013-04-30 00:00:00";"5";"150000.00";"56";"D";"6";"2018-03-14 02:53:02";"2018-03-14 02:53:02"
"191";"ANGSURAN 8 MOBIL Mitsubishi L300";"0";"9000000";"9000000";"2013-05-30 00:00:00";"5";"150000.00";"54";"D";"6";"2018-03-14 02:53:02";"2018-03-14 02:53:02"
"192";"ANGSURAN 9 MOBIL Mitsubishi L300";"0";"9000000";"9000000";"2013-06-30 00:00:00";"5";"150000.00";"53";"D";"6";"2018-03-14 02:53:02";"2018-03-14 02:53:02"
"193";"ANGSURAN 10 MOBIL Mitsubishi L300";"0";"9000000";"9000000";"2013-07-30 00:00:00";"5";"150000.00";"52";"D";"6";"2018-03-14 02:53:02";"2018-03-14 02:53:02"
"194";"ANGSURAN 11 MOBIL Mitsubishi L300";"0";"9000000";"9000000";"2013-08-30 00:00:00";"5";"150000.00";"51";"D";"6";"2018-03-14 02:53:02";"2018-03-14 02:53:02"
"195";"ANGSURAN 12 MOBIL Mitsubishi L300";"0";"9000000";"9000000";"2013-09-30 00:00:00";"5";"150000.00";"50";"D";"6";"2018-03-14 02:53:02";"2018-03-14 02:53:02"
"196";"MOTOR VARIO 125 (UTK DANIEL)";"1";"15734500";"15734500";"2014-01-30 00:00:00";"5";"262241.67";"47";"D";"6";"2018-03-14 02:53:02";"2018-03-14 02:53:02"
"197";"MOTOR REVO FIT (D5978MQ) SD KOPER";"1";"12800600";"12800600";"2015-03-30 00:00:00";"5";"213343.33";"35";"D";"6";"2018-03-14 02:53:02";"2018-03-14 02:53:02"
"198";"MOBIL IZUSU 18 SEAT";"1";"370000000";"370000000";"2015-06-30 00:00:00";"5";"6166666.67";"29";"D";"6";"2018-03-14 02:53:02";"2018-03-14 02:53:02"
"199";"MOBIL AVANZA VELOZ V A/T 1.3 PTH";"1";"199450000";"199450000";"2015-11-30 00:00:00";"5";"3324166.67";"24";"D";"6";"2018-03-14 02:53:02";"2018-03-14 02:53:02"
"200";"MOTOR HONDA REVO FIT BLACK GREEN";"1";"12200000";"12200000";"2015-12-30 00:00:00";"5";"203333.33";"23";"D";"6";"2018-03-14 02:53:02";"2018-03-14 02:53:02"
"201";"MOTOR HONDA REVO SECOND (D4849ZZ)";"1";"4500000";"4500000";"2017-05-30 00:00:00";"0";"0.00";"0";"FD";"6";"2018-03-14 02:53:02";"2018-03-14 02:53:02"
"202";"MOTOR HONDA D2591DB";"1";"9450000";"9450000";"2003-12-01 00:00:00";"3";"0.00";"36";"FD";"6";"2018-03-14 02:53:02";"2018-03-14 02:53:02"
"203";"MOTOR HONDA REVO-CIATEUL";"1";"11400000";"11400000";"2010-11-30 00:00:00";"3";"0.00";"36";"FD";"6";"2018-03-14 02:53:02";"2018-03-14 02:53:02"
"204";"HONDA D3314ED";"1";"10800000";"10800000";"2005-08-01 00:00:00";"2";"0.00";"24";"FD";"6";"2018-03-14 02:53:02";"2018-03-14 02:53:02"
"205";"Kipas Angin Untuk Kelas";"1";"3546000";"3546000";"2017-12-02 00:00:00";"1";"295500.00";"0";"D";"3";"2018-03-14 02:55:03";"2018-03-14 02:55:03"
"206";"Bangku depan UKS";"1";"1505500";"1505500";"2017-12-30 00:00:00";"1";"125458.00";"0";"D";"4";"2018-03-14 02:55:59";"2018-03-14 02:55:59"
